Premium,PredictedPremium
195.32,194.95
225.09,222.13
201.08,221.98
211.76,211.24
251.49,271.62
229.46,217.95
255.25,248.66
229.13,223.73
214.8,222.45
187.77,187.46
235.86,246.06
198.68,190.43
232.24,232.38
234.73,229.38
201.84,212.63
199.72,207.49
193.44,193.83
228.05,229.05
240.29,230.47
201.73,201.94
234.58,240.47
222.36,225.95
243.57,238.07
213.12,211.15
227,219.24
306.07,301.82
205.36,218.14
196.86,199.99
209.42,204.87
182.53,179.88
224.56,230.48
188.84,177.13
178.15,161.4
179.78,192.87
217.95,211.41
245.52,251.54
189.99,191.77
209.34,196.99
201.17,201.56
240.67,244.75
204.26,221.25
241.29,235.95
222.09,224.95
234.6,234.42
235.8,236.16
217.23,234.49
235.87,218.7
251.47,254.21
244.59,246.89
209.06,217.27
210.18,220.2
217.94,211.16
199.38,218.3
272.95,291.02
197.56,197.63
225.84,224.48
230.58,230.08
246.27,241.7
212.53,214.78
225.43,235.16
237.13,233.09
223.29,218.33
227.11,227.48
203.32,216.51
241.49,254.93
248.29,252.36
199.08,204.04
251.26,247.57
216.38,216.5
249.04,256.68
218.41,205.72
192.61,174.11
171.71,173.31
231.45,241.64
257.17,264.91
238.88,246.79
258,234.68
212.92,209.6
255.02,255.04
264.91,263.61
224.96,233.43
233,228.25
228.35,220.15
230.78,223.1
202.75,186.11
223.12,233.25
243.76,234.3
224.5,228.46
219.01,228.51
232.48,240.63
201.13,198.44
212.4,212.08
219.9,214.66
183.44,185.51
205.34,205.06
224.12,224.25
261.57,265.7
246.66,247.59
229.59,228.29
188.09,176.44
239.35,235.62
230.23,236.89
240.9,241.47
214.22,230
200.86,199.3
221.54,220.15
208.51,205.67
202.52,210.49
202.57,204.84
190.7,198.32
231.12,225.64
215.66,206.55
208.57,213.56
258.17,265.57
199.03,197.65
208.92,217.62
206.54,208.27
225.67,206.09
250.52,244.13
205.68,201.67
199.81,199.87
171.59,173.69
194.42,204.64
233.93,237.76
183.74,191.14
205.57,206.79
236.4,237.78
234.21,252.09
201.45,218.66
215.36,215.24
178.76,182.19
195.11,178.49
213.41,208.91
225.88,218.05
212.86,218.46
252.73,251.4
216.74,211.4
209.79,206.86
225.53,218.84
216.98,229.86
238.07,237.24
204.31,204.62
198.06,203.13
238.71,228.91
258.46,262.77
238.07,238.65
255.64,251.51
232.51,232.48
234.08,239.22
233.39,232.88
203.11,195.41
199.03,209.88
178.41,178.35
220.6,222.59
208.64,205.54
200.03,213.82
208.53,224.82
223.99,224.93
211.24,208.5
187.2,188.49
236.26,235.01
253.51,246.26
248.51,245.5
227.39,237.95
219.37,197.79
192.97,189.54
223.84,224.86
215.1,218.33
215.24,212.04
187.85,185.13
223.19,218.51
238.94,231.15
211.44,210.15
228.7,225.96
198.88,200.09
234.47,232.22
224.19,232.71
214.34,212.29
222.41,221.88
218.12,226.64
213.16,221.83
197.1,195.03
218.99,222.85
258.94,254.35
224.72,229.76
203.93,207.92
197.47,210.07
232.39,235.88
189.02,199.25
223.28,223.68
235.93,236.32
218.04,200.85
185.16,177.03
247.62,250.25
231.72,218.18
211.06,205.78
210.39,223.26
246.29,249.28
213.6,215.06
187.59,184.05
206.06,201.53
224.13,224.11
198.13,203.55
225.02,231.59
223.21,224.65
184.26,164.89
172.68,169.06
209.4,206.96
239.07,241.48
216.3,199.2
248.49,246.92
226.74,213.44
167.39,149.47
266.92,266.07
233.94,234.4
193.57,191.18
231.67,241.97
245.8,242.06
227.32,241.49
248.94,251.37
206.62,219.34
209.1,214.92
219.2,216.38
208.41,205.38
226.14,215.06
197.78,194.36
211.06,230.33
243.66,248.92
224.88,222.71
221.77,216.32
185.43,183.71
199.67,183.13
227.51,234.49
242.92,246.51
221.62,220.21
217,212.9
188.33,195.39
200.89,205.12
204.63,208.04
222.38,220.96
237.77,237.81
209.8,209.67
235.13,239.87
222.91,226.01
224.23,221.68
216.59,199.36
212.81,219.7
191.69,189.35
212.29,228.52
213.02,212.6
203.34,196.84
207.9,221.06
229.75,230.51
203.08,204.15
210.73,205.65
239.25,247.58
191.5,180.76
236.79,237.84
241.64,244.03
204.3,204.04
207.2,206.82
186.72,194.9
239.92,251.14
271.39,273.31
268.78,272.12
205.98,219.78
193.59,206.7
260.58,260.1
216.86,216.86
219.63,211.92
253.29,253.37
204.15,204.83
237.46,239.19
208.55,208.06
216.35,222.62
218.55,220.16
224.95,215.13
214.3,208.48
197.17,196.07
258.96,254.87
189.46,186.41
245.45,237.87
220.66,226.02
218.44,221.19
249.96,247.49
226.77,228.08
235.42,238.89
221.15,212.17
219.6,229.14
200.09,202.87
243.6,246.19
236.65,238.56
224.54,230.53
181.05,176.53
225.28,234.35
216.31,218.4
192.27,208.56
236.44,242.32
213.25,197.99
233.72,236.46
227.9,234.91
257.98,251.49
226.75,221.42
218.73,214.31
247.05,258.6
209.89,197.76
234.37,234
210.37,208.68
185.09,195.4
195.53,178.81
184.66,182.56
207.15,210.04
227.82,225.02
191.29,203.32
243.26,251.72
172.81,172.09
232.14,233.47
272.19,272.43
276.29,268.44
190.92,193.12
181.43,177.93
193.96,190.52
215.97,215.44
201.84,208.37
173.2,170.9
182.49,178.58
214.55,221.79
217.91,214.15
251.95,256.5
225.87,238.6
221.74,215.55
211.25,214.07
232.03,243.8
235.22,225.48
197,199.07
234.86,235.45
255.45,254.2
205.34,221.02
202.38,183.86
202.7,192.32
185.94,182.7
193.41,213.58
262.15,244.1
208.38,222.46
205.16,213.31
204.71,205.89
201.49,206.18
263.3,272.64
248.62,246.15
191.44,186.28
202.64,192.04
245.16,245.75
221.1,220.34
252.44,254.63
214.03,212.67
172.54,171.59
251.78,273.01
225.33,222.4
236.91,235.03
203.13,214.36
249.55,241.8
214.34,213.91
227.17,224.47
204.71,208.51
221.97,220.69
226.57,222.3
266.15,266.37
208.92,203.49
186.36,186.71
227.73,229.66
221.68,221.58
208.66,224.6
194.69,199.79
202.99,218.19
183.81,165.09
220.4,230.08
228.94,220.79
203.46,207.22
206.09,216.36
226.37,225.11
170.25,166.03
243.47,239.23
227.68,239.46
228.43,228.56
224.84,224.1
215.97,220.39
220.47,226.52
250.19,252.32
219.73,208.8
214.76,213.54
216.68,223.2
211.26,209.12
235.6,233.24
194.66,174.69
216.47,221.34
227.8,216.06
224.96,225.13
264.77,286.22
221.01,210.42
212.02,216.17
216.32,215.04
194.86,187.49
242.25,229.87
221.86,223.75
227.6,233.28
199.82,197.11
241.73,245.06
255.35,257.63
192.55,206.39
241.99,244.4
256.44,254.16
186.88,176.26
267.51,261.3
236.59,250.26
212.63,220.62
245.26,251.16
186.51,194.54
214.35,214.71
231.31,231.85
197.68,199.7
211.41,196.58
239.99,239.48
185.7,184.07
211.54,215.86
233.3,224.8
256.69,251.41
218.9,222.05
186.54,185.16
187.82,186.81
217.18,202.97
222.89,222.72
265.46,265.21
236,238.77
214.95,205.19
244.9,231.54
175.18,178.28
245.28,255.57
261.6,262.35
197.02,196.22
189.47,198.07
222.08,233.32
245.98,239.04
211.01,214.37
212.92,207.6
241.33,238.97
242.25,242.7
221.45,220.74
230.51,234.23
229.92,217.92
200.94,206.91
209.54,219.98
221.73,223.37
232.35,227.32
269.79,273.7
189.57,207.38
209.88,196.07
183.31,187.47
240.92,242.35
168.81,160.45
258.37,253.46
199.95,210.79
221.35,225.33
255.41,266.84
230.09,206.5
243.79,254.36
240.69,225.28
184.97,182.32
229.1,228.91
233.83,236.05
236.25,236.61
203.89,217.82
232.63,228.74
259.46,258.74
231.04,222.11
204.66,200.57
211.64,210.71
236.99,254.65
219.78,219.79
225.52,216.76
257.4,259.31
189.4,194.79
181.28,185.23
198.84,188.71
209.56,210.9
224.96,225.64
205.25,202.69
212.26,203.37
190.09,201.83
195.4,199.41
196.28,190.47
193.23,191.06
177.46,193.32
186.08,186.67
252.86,263.81
206.32,225.91
186.23,187
224.36,211.07
233.92,231.19
228.01,222.52
191.45,183.9
239.6,239.89
243.2,239.27
220.25,225.58
194.07,191.46
218.91,229.83
228.53,228.53
222.79,222.9
194.26,195.16
220.77,223.34
189.7,189.23
244,259.77
228.58,230.14
221.13,222.39
242.73,230.63
213.3,220.29
169.7,156.26
222.83,240.27
203.64,181.77
219.51,227.23
227.1,208.07
221.06,223.34
198.98,188.45
222.67,212.43
209.32,221.91
201.72,201.77
238.28,248.35
164.56,176.9
210.21,207.7
216.49,213.29
247.3,246.63
192.08,195.38
270.6,270.34
187.22,172.61
188.12,180.18
222.77,221.2
247.81,232.61
224.13,210.85
196.8,202.43
213.37,219.36
213.27,227.63
202.8,203.02
201.39,192.44
208.55,211.77
245.97,233.52
181.66,181.09
260.37,264.24
268.76,273.98
248.27,263.95
213.64,223.93
222.36,236.84
234.77,222.04
222.62,220.39
238.65,249.36
258.98,242.08
197.02,202.56
218.09,218.92
257.23,264.01
204.72,203.24
211.27,213.8
205.71,188.22
205.21,215.26
203.52,220.07
241.92,243.24
258.08,258.64
249.7,252.13
186.02,172.89
203.9,195.96
218.95,217.66
248.41,240.4
241.18,241.89
186.16,192.59
238.32,249.27
208.99,206.66
197.04,183.99
227.5,217.74
227.19,226.88
210.93,210.28
203.71,209.67
233.48,236.33
202.56,194.52
218.42,212.76
192.34,196.89
226.7,220.29
200.47,202.55
191.26,201.52
226.22,227.91
250.26,261.26
200.9,203.64
204.62,201.81
220.89,223.82
204.48,212
211.06,219.02
222.5,212.37
224.79,220.98
231.24,244.72
212.73,200.75
214.52,207.94
235.45,228.96
202.81,206.82
172.32,188.06
237.98,227.66
178.94,169.97
289.82,287.95
208.16,207.11
229.83,222.76
255.43,260.2
177.49,180.03
224.37,226.34
228.47,232.96
241.56,246.15
227.79,228.52
218.13,234.12
213.88,220.76
210,193.32
210.22,210.4
223.48,223.54
181.21,174.12
250.59,251.07
235.69,230.33
209.95,215.88
222.32,222.2
202.81,215.48
241.63,225.19
217.67,236.75
202.54,201.63
227.73,221.63
246.23,247.34
204.08,203.99
250.77,248.17
207.23,206.26
171.53,171.74
272.73,268.41
193.9,194.98
229.29,226.22
217.66,227.98
220.34,220.02
206.44,199.08
211.78,212.04
207.54,219.93
215.35,214.13
235.79,235.47
230.7,229.83
251.45,250.62
224.89,216.93
219.76,222.78
202.22,195
228,228.85
244.55,242.55
199.48,187.98
202.63,215.59
218.77,211.46
192.36,192.88
205.76,215.4
242.44,234.72
235.64,245.48
203.21,199.94
215.85,205.76
213.68,223.38
226.62,216.79
234.97,238.86
197.97,206.36
171.71,158.28
200.72,194.51
210.16,221.04
222.44,218.79
236.13,238.54
254.25,245.45
227.99,218.65
222.66,221.46
166.06,160.7
215.09,236.4
200.86,180.58
188.22,188.51
219.8,220.45
195.49,200
229.13,228.54
238.78,246.84
167.22,157.86
206.39,199.62
219.65,213.27
212.34,205.81
200.75,199.01
227.04,232.36
220.85,217.97
229.82,231.67
230.13,228.32
232.84,231.94
231.81,231.69
205.4,205.33
195.01,193.79
218.33,208.06
254.25,259
230.19,229.45
199.13,196.72
210.83,206.26
257.12,256.55
172.85,162.71
244.93,260
230.37,242.18
217.3,208.07
191.7,183.74
197.15,196.94
202.39,206.15
197.49,189.33
176.72,178.05
194.57,210.76
236.55,227.55
259.42,259.45
262.24,260.35
238.95,243.66
267.58,268.73
212.35,206.6
255.25,252.57
265.42,269
207.16,208.43
235.99,224.74
240.61,227.98
206.22,206.17
245.7,245.96
195.13,193.43
212.79,196.58
215.2,217.29
217.17,218.7
272.5,258.31
240.38,221.93
199.92,192.41
207,206.98
198.93,209.91
222.57,220.75
223.78,222.65
227.99,222.14
205.64,189.13
224.94,224.54
245.64,251.89
206.09,188.53
186.01,188.04
238.84,214.21
227.04,233
273.19,272.51
211.79,199.77
240.21,233.61
230.15,220.95
198.85,204.92
207.82,203.25
241.92,252.97
221.11,221.6
201.92,194.67
223.46,224.59
210.89,215.21
216.7,205.6
200.54,220.19
222.27,221.17
246.98,239.33
204.04,200.56
209.4,226
266.4,249.88
248.77,259.48
268.24,287.71
249.49,251.13
195.57,190.17
202.93,207.22
269.79,264.23
222.99,226.7
232.65,240.36
236.92,237.8
251.84,232.93
199.39,188.91
246.85,255.21
224.35,224.7
221.23,212.38
221.46,224.93
190.07,194.21
264.1,257.19
242.7,245.89
189.37,199.1
223.42,227.6
177.48,176.96
233.51,237.31
207.26,207.22
250.46,258.86
237.4,237.49
244.21,236.66
217.63,217.18
230.09,241.13
206.03,206.38
244.04,254.93
254.67,254.21
250.67,250.74
258.28,249.77
192.36,194.72
213.05,203.89
205.8,207.09
248.22,239.61
218.16,220.38
182.24,181.88
216.2,230.27
223.94,213.03
217.11,212.7
225.34,239.88
164.99,167.07
238.75,249.21
198.34,192.11
230.29,228.22
191.05,190.4
234.37,236.31
215.48,218.84
222.57,225.96
228.63,228.69
240.78,241.02
214.66,212.17
198.15,194.33
183.63,179.36
198.19,184.02
240.31,263.06
246.45,252.98
216.9,214.48
207.49,208.82
214.03,214.27
217.7,219.82
251.53,251.53
221.68,223.8
205.91,197.69
216.73,209.02
239.88,239.66
204.97,199.75
251.44,259.57
190.68,199.82
247.47,240.28
244.29,257.71
200.04,198.01
254.73,245.12
187.65,195.64
217.66,217.48
186.96,177.9
224.97,234.32
230.22,239.82
202.72,195.37
210.79,216.92
220.5,222.29
217.39,217.43
227.6,227.93
182.04,187.77
202.1,200.85
260.33,263.16
244.61,246.79
200.66,215.54
232.35,231.11
212.26,213.95
202,189.03
229.22,230
209.63,205.46
201.71,183.45
212.74,219.31
234.06,230.68
214.2,213.59
232.46,232.15
242.51,242.52
260.91,276
222.72,224.67
235.7,235.01
239.71,251.46
247.68,264.13
248.75,247.89
237.68,233.64
209.33,212.98
207.85,198.89
218.18,234.28
262.33,267.2
259.16,269.02
244.45,241.89
218.98,225.03
215.37,212.55
219.15,200.46
274.89,269.27
172.08,176.77
213.16,220.91
236.5,250.38
242.05,242.13
230.92,230.6
218.93,221.48
231.71,231.23
214.35,202.31
239.99,251.22
215.46,234.35
169.3,146.71
231.92,237.14
219.95,221.23
225.55,232.2
253.19,247.59
201.99,182.58
252.36,257.52
222.37,210.74
231.17,231.29
186.78,203.91
223.26,214.98
208,206.82
248.57,246.53
245.96,248.36
198.26,195.33
231.2,241.36
227.61,226.68
215.94,217.64
219.17,221.99
277.58,277.85
211.98,213.74
227.13,205.46
211.33,209.23
213.8,215.2
184.46,178.8
219.29,217.24
223.06,222.65
243.09,245.08
220.7,217.14
235.7,214.36
198.19,186.5
212.33,211.16
228.94,234.77
227.85,228.66
228.86,211.97
240.53,255.72
168.81,180.42
179.22,178
235.01,238.73
208.12,224.63
209.63,202.8
198.66,193.87
234.37,244.66
253.68,270.09
174.98,190.16
213.37,213.11
207.21,206.52
187.97,191.19
223.05,223.09
226.51,219.71
257.86,266.14
192.02,177.34
193.04,173.8
209.79,217.74
189.85,189.52
227.16,232.34
203.75,205.1
196.84,188.79
209.5,227.32
245.35,227.85
265.56,266.18
172.93,174.83
245.64,245.44
235.2,230.12
216.79,213.5
225.13,222.32
230.9,224.47
200.2,197.28
234.15,230.03
222.37,226.21
243.62,239.73
234.62,242.57
190.81,193.29
226.39,229.89
176.28,197.41
227.13,226.9
204,210.98
221.02,223.72
238.74,229.71
242.32,243.51
268.52,266.35
213.7,220.53
215.99,217.49
187.27,188.17
223.74,228.11
195.15,184
225.1,211.18
224.42,217.51
201.63,198.71
260.88,268.75
249.38,240.45
190.38,193.18
221.25,219.35
195.6,199.45
203.78,208.6
233.83,238.26
240.75,242.47
252.72,262.35
234.87,245.75
225.97,219.5
213.32,205.86
207.36,212.74
251.46,260.01
244.77,248.24
211.41,220.83
202.65,212.29
218.8,237.9
218.82,213.29
226.1,225.99
256.66,255.83
241.62,257.85
178.88,192.37
215,236.24
208.02,223.7
249.64,231.2
206.14,206.87
215.75,204.9
268.57,276.18
227.27,227.71
236.85,235.42
197.57,197.76
215.83,237.77
223.38,217.31
231.1,222.06
199.33,202.38
249.18,246.36
238.65,244.67
212.38,232.19
238.69,239.9
243.36,253.87
224.04,222.46
241.46,249.88
215.58,215.23
260.31,259.41
203.14,201.62
232.16,241.36
195.46,208.77
218.48,230.46
225.24,237.29
246.11,244.97
216.28,215.95
260.2,252.39
202.95,207.63
191.76,188.24
223.06,224.92
236.45,244.67
247.88,243.64
222.47,230.23
271.5,285.77
176.22,176.44
212.18,206.2
240.31,228.77
283.68,275.8
209.15,199.43
220.56,224.37
235.03,236.37
236.36,242
222.05,207.13
192.48,191.07
197.89,197.88
198.08,198.87
222.73,238.17
227.03,213.62
227.71,227.32
193.22,195.11
259.16,268.75
252.08,251.64
210.26,215.02
204.65,211.34
208.33,194.86
215.72,217.82
234.24,234.44
227.53,230.39
225.79,244.75
238.18,247.94
221.89,232.63
215.36,203.07
249.95,250.5
238.9,238.81
223.98,223.85
225.43,225.21
226.24,208.66
226.33,214.2
193.02,185.64
253.58,253.59
229.85,233.12
230.56,236.7
240.59,238.93
240.24,237.33
193.85,190.79
208.53,214.89
229.13,224.98
204.43,204.45
236.17,255.7
208.17,202.34
246.51,248.21
230.58,249.29
197.73,200.85
197.71,203.41
219.58,226.41
227.26,232.7
205,206.24
207.57,197.26
192.02,183.93
263.49,270.39
213.85,231.89
200.57,187.22
212.9,195.01
227.03,227.12
240.46,241.35
244.76,240.27
236.73,238.11
208.28,217.73
190.57,190.86
187.82,184.15
238.21,227.55
199.58,202.84
221.58,200.92
242.6,240.16
236.33,248.56
230.89,226.94
233.93,211.06
241.03,242.18
209.68,207.6
185.25,179.82
235.21,233.46
225.07,226.9
204.91,198.26
228.63,224.57
256.13,265.67
220.36,225.54
178.4,183.62
181.61,180.35
227.95,234.17
218.3,211.31
236.43,233.4
234.84,248.14
199.52,202.93
230.1,230.64
198.9,201.01
234.35,243.9
218.65,219.74
250.2,246.89
250.85,236.92
216.92,209.87
258.53,275.74
252.79,266.72
220.49,220.36
176.9,177.94
257.19,236.12
224.06,238.53
189.86,188.29
226.11,226.51
224.46,224.42
205.01,214.96
197.18,198.39
220.65,214.57
196.06,192.33
206.93,206.78
202.37,187.63
221.41,224.42
218.85,223.83
241.97,236.76
224.64,221.22
240.69,229.53
255.38,244.2
223.95,224.05
200.27,203.2
201.23,200.06
223.44,221.35
193.61,212.46
199.71,200.24
188.87,197.76
199.09,202.34
234.25,233.61
190.81,185.51
251.1,251.07
250.24,242.31
244.87,245.8
248.53,240.95
247.16,241.04
261.49,263.48
253.44,246.2
247.36,250.98
235.94,228.64
209.84,207.36
224.35,238.99
217.64,201.08
199.54,202.7
217.6,223.73
233.97,226.4
207.35,214.57
203.5,201.33
222.68,226.08
224.66,226.74
186.34,201.73
226.89,224.62
200.79,202.36
178.58,174.05
202.13,207.4
267.44,264.28
227.59,221.43
237.32,232
181.28,179.9
182.84,165.41
219.23,223.55
236.51,251.56
200.96,203.64
189.42,175.59
247.73,247.86
211.11,210.51
252.88,247.17
268.91,271.26
208.63,199.71
155.46,159
215.4,214.84
213.66,213.66
248.8,251.33
242.61,228.05
242.11,265.16
220.34,220.21
214.88,233.52
166.84,151.39
201.31,195.12
223.16,223
218.18,209.67
264.59,255.79
258.39,255.09
212.75,199.1
214.89,227.27
203.76,201.48
189.25,183.08
203.49,202.8
199.52,208.33
215.5,220.42
267.75,290.42
216.45,234.23
215.1,223.25
237.43,238.62
223.83,226.47
211.43,212.52
239.39,229.17
233.49,239.53
209.89,207.33
176.84,175.96
225.39,220.04
202.48,203.63
257.79,264.26
204.05,188.24
275.59,287.47
225.79,222.75
209.72,194.7
228.8,231.86
212.75,216.8
204.06,205.5
236.11,239.01
191.4,191.86
243.53,252.56
232.64,229.62
211.48,221.61
219.63,234.71
221.39,232.14
187.81,190.11
213.49,212.71
240.99,247.92
186.8,186.85
211.2,203.97
201.47,206.3
205.59,201.37
242.87,241.76
246.01,258.59
198.85,219.45
237.89,252.5
239.98,239.56
211.14,209.8
303.9,303.15
193.37,211.77
198.05,196.73
226.84,238.77
210.19,214.53
217.57,222.99
201.21,214.28
189.78,202.86
237.5,246.48
208.59,211.39
273.38,272.7
214.27,225.66
211.64,196.94
233.3,240.06
230.85,225.56
235.37,253.4
233.54,236.68
238.81,234.08
217.09,204.54
205.02,212.91
224.89,220.85
207.29,219.16
251.56,247.94
193.72,188.96
202.82,186.56
212.53,199.98
240.77,240.67
223.14,221.4
229.36,217.54
221.51,221.16
227.39,235.67
196.63,206.66
230.54,216.69
232.35,210.64
203.09,205.44
250.63,250.13
189.22,188.64
183.25,183.8
234.57,234.55
200.12,203.14
211.68,228.7
244.39,244.41
198.67,196.82
234.29,233.92
238.6,229.47
184.75,186.72
208.55,206.48
206.77,209.81
233.32,235.39
209.96,208.63
274.42,272.63
212.18,205.29
208.94,207.54
204.98,213.62
198.83,203.32
230.27,225.37
212.16,214.05
199.35,183.65
238.74,239.43
239.77,221.43
208.91,212.67
232.59,228.59
208.52,207.34
211.2,195.27
181.58,182.05
210.3,205.28
197.77,199.24
220.54,212.38
227.58,210.71
252.6,247.9
236.93,253.88
207.85,211.67
249.03,239.67
204.12,190.87
225.15,239.85
233.14,233.72
246.19,246.29
212.73,217.11
213.07,205.75
230.47,238.81
222.51,206.51
244.67,248.2
225.77,222.18
233.54,233.18
210.81,212.3
188.39,189.68
211.3,212.89
248.06,251.9
249.38,261.24
255.69,256.38
214.46,207.62
202.98,192.67
224.63,228.19
195.8,203.87
212.62,214.02
176.83,187.18
193.17,191.09
196.49,196.77
209.42,209.44
202.25,208.8
203.44,202.2
247.51,232.37
203.85,208.4
178.33,177.28
194.05,195.96
196.92,191.11
211.23,210.81
207.21,198.58
230.92,230.13
234.71,234.86
230.64,224.77
221.17,226.39
242.19,243.22
198.84,201.16
202.4,200.73
211.26,212.67
237.74,223.71
196.05,198.47
209.35,209.34
221.68,226.37
215.42,214.83
218.1,214.71
251.44,254.46
232.89,218.79
189.64,203.47
199.28,201.96
208.29,194.61
240.61,239.44
219.02,239.4
184.84,186.55
236.45,242.68
227.1,215.5
173.61,169.68
264.26,264.42
219.81,229.53
231.93,214.98
191.96,197.95
222.24,222.69
232.97,230.29
173.03,180.63
252.5,263.77
221.06,222.92
188.91,183.66
185.9,183.71
233.97,236.07
218.33,218.2
222.27,225.97
216.53,217.51
193.28,194.08
171.27,172.31
202.51,207.22
208.33,212.21
225.11,222.87
236.13,249.78
226.28,222.97
210.16,209.55
220.89,220.32
203.53,208.13
193.83,199.81
277.74,275.74
229.12,230.34
239.11,240.96
199.46,201.84
266.57,267.23
180.05,168.1
204.43,197.61
247.36,237.25
196.43,207.22
249.67,231.51
206.79,192.91
230.41,231.56
255.04,255.33
227.06,219.71
204.58,201.46
199.71,196.93
201.79,194.68
243.94,243.94
225.44,202.07
201.56,190.99
226.02,229.24
201.85,196.67
173.87,171.61
182.62,182.61
259.77,255.55
251.49,252.39
219.5,228.83
233.93,246.22
232.03,216.34
232.72,233.36
188.93,188.08
209.97,224.12
234.43,238.48
259.19,266.19
211.72,210.35
226.33,225.86
206,212.58
216.79,220.03
220.91,209.27
257.69,257.33
208.4,208.25
212.85,215.82
245.06,239.55
205.04,204.38
230.32,219.04
233.97,234.05
212.27,208.21
251.85,251.37
193.26,197.48
211.57,206.11
234.34,254.54
275.16,278.46
192.35,194.82
209.39,209.13
230.21,223.82
207.78,187.88
216.94,223.44
254.56,241.34
253.52,253.76
217.65,225.2
281.11,289.17
218.18,209.03
196.72,196.71
236,242.48
244.26,247.24
174.03,180.27
196.44,195.81
250.65,242.15
219.36,221.63
233.69,233.46
229.02,239.35
232.98,229.56
223.13,229.53
229.14,246.23
243.25,245.06
195.72,200.07
203.35,200.53
183.01,172.06
183.98,190.12
221.97,228.42
232.46,226.13
211.32,212.4
263.8,274.16
216.39,215.9
236.76,248.18
197.75,188.46
218.61,219.57
212.23,205.94
206.98,222.66
194.28,188.2
208.15,213.43
217.59,197.26
256.6,253.89
247.22,233.81
228.9,226.6
216.47,215.19
255.14,256.29
202.66,202.62
233.37,234.63
185.31,186.13
224.58,244.85
217.23,220.62
204.06,194.34
245.09,241.44
218.07,220.99
226.5,226.58
175.59,175.32
225.05,220.16
224.9,216.41
248.78,249.82
258.4,267.82
246.11,245.09
222.39,220.73
222.57,209.32
233.13,229.06
177.31,167.34
229.54,236.51
215.19,218.96
233.68,237.94
216.19,219.86
215.49,211.53
256.84,247.69
247.64,270.4
245.62,232.02
209.4,226.11
207.87,198.64
228.67,228.51
239.98,235.92
266.72,264.93
243.77,249.17
227.14,240.42
211.67,193.52
229.98,230.11
182.66,189.22
241.66,243.07
229.14,243.28
204.79,223.45
241.09,242.95
200,209.61
190.09,194.92
203.9,201.05
201.13,183.81
240.13,244.23
237.61,242.9
204.63,194.88
223.85,205.59
253.38,266.77
260.81,260.82
227.32,232.35
203.35,194.65
199.07,198.09
272.3,265.01
225.52,226.08
202.28,207.16
176.24,171.55
206.38,206.79
220.16,199.91
217.97,230.52
191.39,200.98
228.94,230.09
230.08,211.07
202.18,202.86
223.56,222.56
195.45,186.37
211.44,200.79
227.31,227.82
173.13,179.71
199.69,198.53
222.77,228.44
188.23,185
195.46,199.5
217.97,221.51
194.22,187.76
197.19,204.24
246.59,251.7
208.59,216.03
253.07,269.81
220.99,226.9
213.02,212.77
196.65,198.62
236.73,243.02
196.41,199.99
223.19,226.2
225.03,238.82
228.11,237.53
256.63,244.01
217.3,225.71
239.44,246.48
260.79,253.35
207.35,208.09
248.32,265.66
226.4,230.43
241.44,236.73
211,205.29
218.66,230.07
244.47,252.79
237.74,233.14
195.88,189.38
249.13,250.14
249.69,257.72
242.79,249.32
274.12,280.34
217.25,217.74
220.98,233.57
248.53,236.94
253.71,253.77
197.68,202.39
203.89,202.73
245.17,245.99
210.27,213.93
230.73,218.02
239.68,222.19
205.96,208.59
212.54,214.04
243.04,233.37
200.44,186.14
210.41,208.05
257.78,252.7
189.21,196.16
263,261.68
244.13,227.77
224.51,234.62
241.6,237.51
208.32,210.24
236.2,232.47
198.72,195.74
225.58,224.82
231.23,216.91
191.1,184.43
229.47,231.82
231.33,230.17
252.19,248.84
222.96,219.06
232.9,227.23
215.21,220.27
234.35,240.42
186.83,191.96
203.75,200.89
240.73,247.07
229.16,237.34
193.3,173.93
222.21,222.88
244.97,245.24
228.56,231.51
216.35,203.48
222,221.93
226.34,240.68
241.18,241.69
247.54,233.83
192.59,194.15
221.91,223.04
205.52,207.18
210.48,209.94
214.33,205.49
196.29,194.62
214.4,205.42
220.92,220.98
227.59,229.96
204.15,199.97
225.06,228.84
238.13,230.23
184.25,186.76
242.09,248.58
234.54,244.33
257.88,261.64
182.68,179.04
213.65,197.1
232.96,233.92
234.75,243.62
244.92,235.7
230.82,220.89
225.01,213.11
245.46,233
242.15,241.11
208.9,205.36
203.2,181.85
222.8,231.88
255.18,261.19
240.97,244.51
267.76,280.53
196.35,197.83
214.91,212.43
203.07,197.94
221.62,202.07
249.3,248.41
202.38,216.16
199.21,199.09
184.58,184.38
220.75,223.09
206.36,208.99
227.24,226.49
218.03,211.34
200.7,220.72
210.28,213.81
205.5,208.33
242.26,237.61
223.83,230.19
279.99,282.29
207.81,189.84
225.18,222.87
166.91,162.28
256.66,254.77
235.58,232.2
199.62,203.74
207.85,201.42
257.7,266.92
216.55,215.65
263.51,269.32
221.77,223.18
215.4,217.78
239.43,231.66
249.53,250.95
203.72,193.49
222.92,222.3
245.06,239.66
188.99,190.94
250.43,262.45
257.85,247.32
229.37,229.8
220.8,226.46
218.34,235.45
256.41,255.76
209.28,208.61
221.23,206.05
245.98,241.59
189.64,202.02
215.29,214.36
221.67,218.61
201.3,201.05
216.32,199.65
206.21,208.74
220.9,208.29
243.82,243.74
171.47,171.04
214.31,215.81
215.71,213.25
175.03,172.7
246.96,225.89
249.56,248.47
208.29,205.54
215.35,218.85
237.82,239.99
243,251.8
222.33,222.48
198.41,200.22
240.77,257.55
224.28,238.14
221.38,227.55
226.92,229.94
195.39,179.51
192.51,188.7
203.19,206.73
242.15,239.93
222.72,241.89
224.57,227.86
222.96,218.56
204.53,206.15
225.89,228.59
239.43,255.11
200.18,200.71
200.92,199.12
215.12,227.35
207.08,216.31
235.27,221.32
270.98,270.91
229.25,219.33
230.76,227.93
211.39,222.86
208.6,210.71
224.76,230.2
195.11,185.88
253.53,264.52
228.68,241.99
204.83,216.73
222.77,227.05
271.28,269.05
161.1,161.28
211.23,215.54
212.68,208.3
218.31,203.55
248.63,241.65
225.91,221.71
254.67,254.04
216.3,203.23
213.32,220.03
225.12,240.2
193.08,194.05
222.74,223.32
235.07,223.82
216.04,205.21
241.9,249.6
236.58,224.65
186.14,195.07
213.92,212.99
217.61,220.94
217.81,216.83
217.58,220.14
236.1,256.11
207.57,200.84
225.66,217.33
257.09,255.93
214,214.88
243.35,245.15
234.13,226.34
223.57,216.56
258.32,236.14
202.84,210.21
228.36,228.16
217.84,203.73
221.33,232.08
248.12,261.03
221.34,223.72
216.69,219.81
204.32,202.31
257.13,248.72
228.02,225.52
207.7,224.5
232.51,233.73
214.58,192.94
176.94,153.56
206.47,210.7
221.14,216.42
235.66,225.81
256.55,248.34
199.43,203.44
250.22,262.23
223.64,209.86
228.6,232.07
234.69,231.73
226.56,218.51
224.35,222.88
234.01,227.57
186.57,184.56
279.91,274.81
189.75,183.29
205.23,203.52
232.83,239.08
189.2,188.78
194.37,188.68
208.63,204.82
205.96,206.04
266.19,276.25
205.21,184.3
249.48,258.12
224.94,219.79
212.4,208.53
224.69,232.47
213.8,214.43
223.95,223.04
255.84,256.23
202.75,206.7
261.06,261.16
260.98,252.66
244.8,238.25
215.82,223.3
238.55,236.91
192.07,198.84
192.85,193.23
243.24,252.67
190.16,192.65
170.56,165.01
233.35,238.03
191.62,187.37
223.52,222.16
243.18,252.02
243.51,250.36
257.87,256.32
218.92,213.98
207.93,206.7
238.36,240.21
225.02,223.78
207.23,196.91
245.25,246.72
204.83,204.89
220.65,230.35
212.7,213.55
234.56,234.67
219.21,211.94
223.95,218.9
233.8,239.79
197.26,197.93
233.17,234.53
223.36,212.63
189.62,188.3
236.27,233.64
239.14,235.7
182.9,199.29
232.05,230.03
182.88,178.11
204.96,204.22
220.48,237.7
186.44,193.27
234.56,245.94
199.3,192.72
224.23,224.23
184.84,188.84
220.62,222.04
202.26,198.19
201.01,183.58
225.26,235.02
225.03,234.65
250.29,261.34
197.03,192.4
229.81,225.51
191.22,203.2
215.24,214.08
224.96,229.29
262.7,260.42
254.97,266.7
229.53,222.93
235.27,225.42
242.15,248.94
216.28,207.61
245.54,238.42
237.25,250.46
207.71,205.03
232,227.09
207.85,229.64
240.33,230.3
239.4,250.5
200,198.72
201.95,199.61
228.58,232.48
255.53,254.98
204.21,208.29
226,226.25
230.52,221.24
225.63,230.5
199.6,197.37
229.76,218.85
267.56,272.03
218.16,217.13
207.78,211.31
208.79,221.83
263.78,272.76
237.26,257.12
187.53,187.85
207.11,207.59
227.75,222.71
218.25,226.31
198.36,216.25
228.33,237.68
213.3,220.16
202.92,199.01
232.98,220.35
199.83,202.84
168.22,179.99
227,219.01
218.4,213.24
208.43,199.6
227.24,229.06
215.14,211.08
237.06,221.66
208.95,230.18
195.17,195.45
248.26,260.6
222.47,222.6
195.52,211.29
201.82,199.4
222.64,223.21
217.48,217.22
230.82,221.64
216,213.46
231.14,226.23
178.56,182.96
197.52,183.88
219.86,219.3
235.78,235.09
250.67,249
184.7,184.95
230.3,221.02
209.83,227.91
248,260.02
252.37,270.7
237.53,252.58
238.45,253.39
233.34,228.12
220.17,220.73
243.26,254.5
234.69,230.58
259.36,263.61
219.91,217.19
218.78,223.26
199.44,197.55
244.17,238.97
259.81,258.06
195.78,180.85
226.11,227.51
225.81,232.82
202.83,201.68
227.48,226.03
235.73,252.76
247.93,258.14
170.4,171.17
191.34,192.82
251.32,248.61
199.35,199.92
213.88,214.18
201.58,205.39
167.69,153.07
239.95,231.24
240.27,240.28
211.48,201.81
235.46,245.69
251.68,237.73
207.58,216.23
222.76,222.85
226.68,224.81
191.32,203.24
235.3,233.59
249.13,249.97
207.98,225.69
191.22,191.65
246.61,252.22
258.08,261.63
200.37,195.38
211.79,213.14
182.21,179.74
196.21,210.69
229.89,234.73
209.23,216.13
185.93,189.13
212.86,212.68
239.73,245.82
218.1,226.39
245.92,257.23
202.71,208.81
198.79,191.72
231.59,225.24
195.5,195.44
224.42,228.51
190.2,175.95
250.3,254.73
215.03,214.22
217.9,201.81
234.14,224.72
229.93,241.04
226.71,212.04
243.21,241.28
214.32,215.08
199.81,189.24
241.43,245.26
255.19,260.62
233.19,232.27
178.62,197.73
253.01,251.36
173.06,169.39
254.79,257.92
208.06,226.75
226.57,231.86
168.72,169.64
197.08,196.22
235.7,240.97
220.16,217.66
246.82,248.37
204.79,207.62
234.56,232.73
243.95,246.62
178.59,186.35
230.96,236.48
212.23,206.45
209.19,218.66
239.47,226.93
211.44,208.69
243.27,245.59
233.37,234.82
198.07,202.78
218.23,231.91
192.33,175.18
211.76,215.93
192.03,190.07
224.84,213.55
204.76,203.76
243.6,245.49
268.83,274.48
239.47,238.09
262.8,268.25
221.91,216.31
186.16,182.64
246.96,248.4
235.26,227.53
252.5,268.72
231.59,218.03
215.52,215.55
207.46,208.46
214.39,209.69
180.35,180.84
224.32,224.15
226.66,224.99
251.01,253.51
206.78,217.04
194.25,193.95
196.76,197.4
239.85,217.95
183.58,182.43
219.6,213.86
249.67,245.41
238.63,236.51
253.53,270.32
244.63,244.53
243.15,225.85
223.59,218.18
212.51,215.39
188.16,178.73
268.19,258.27
211.23,210.87
218.33,219.53
230.98,242.28
226.54,225.61
245.98,248.77
247.25,248.15
251.29,255.47
216.39,209.08
206.83,203.97
196.61,184.16
256.83,277.76
215.94,204.37
192.96,192.71
200.3,200.19
220.66,221.12
216.26,218.54
199,196.07
192.74,197.72
282.18,282.18
233.02,225.05
237.47,232.51
171.48,179.3
199.58,215.48
195.36,195.36
229.92,246.81
235.41,240.28
204.47,187.45
219.17,231.82
227.5,226.92
231.93,255.48
184.93,184.79
241.14,255.35
261.45,249.55
200.73,185.85
244.86,239.81
243.68,243.68
202.44,205.8
207.9,191.63
201.71,190.76
227.8,244.34
193.04,185.12
197.26,208.64
222.74,217.65
198.33,213.29
233.15,229.17
196.52,195.69
233.95,235.22
214.05,211.19
250.71,260.1
181.18,171.75
178.11,174.72
173.26,163.98
194.01,193.59
197.99,198.89
194.59,200.29
173.9,173.08
206.75,191.16
248.51,260.38
242.26,241.9
234.61,247.7
225.75,223.7
208.81,223.59
219.8,219.4
228.22,241.2
228.01,224.45
162.02,162.48
208.39,206.32
197.61,212.05
169.19,173.34
193.13,177.96
206.68,199.67
228.45,231.7
215.57,215.37
217,218.18
217.2,224.98
188.91,190.67
220.46,227.34
239.32,254.33
257.87,261.87
230.99,231.09
211.87,212.02
213.14,216.59
197.31,201.15
192.01,187.05
181.63,165.33
244.11,236.88
225.95,213.1
231.33,233.75
273.4,266.6
216.34,215.62
231.5,236.89
227.53,236.4
198.72,198.46
204.61,210.59
214.08,218.62
230.36,222.99
199.8,203.87
228.07,226.6
229.59,230
187.9,187.23
230.96,227.74
193.96,195.16
230.82,236.51
214.27,206.58
225.24,241.62
240.08,230.62
209.6,215.61
252.18,253.39
178.29,176.92
248.82,247.86
257.8,270.38
174.85,171.87
253.38,254.81
216.28,203.44
232.53,222.75
260.01,249.13
232.15,232.27
227.21,221.57
192.72,193.9
261.8,261.87
190.48,185.26
201.03,196.23
220.79,215.91
188.47,201.64
237.22,228.22
225.53,236.75
236.89,234.45
247.8,237.92
203.11,199.61
204.59,206.46
211.73,191.49
210.42,207
225.06,212.7
225.9,237.79
208.41,208.39
197.5,207.18
236.55,241.5
254.56,264.35
217.18,211.21
270.7,281.04
189.8,183.81
240.16,252.48
233.48,232.74
225.78,216.88
231.58,235.79
208.92,211.41
262.23,253.5
244.07,261.13
210.35,208.03
198.11,207.74
246.6,239.15
223.46,209.61
215.18,206.09
239.57,246.21
242.28,255.48
183.1,197.36
243.32,241.82
242.83,244.47
231.26,234.2
210.36,225.61
173.12,185.41
191.36,211.83
204.79,210.93
157.22,149.14
218.5,218.1
237,244.79
211.7,211.29
207.63,206.28
192.94,195.41
243.37,248.3
231.21,232.87
236.07,236.09
261.17,263.51
221.03,222.28
247.84,248.1
202.96,205.24
218.73,212.82
225.09,229.38
228.46,227.09
208.43,208.04
212.14,211.72
216.32,217.12
236.6,229.54
200.84,204.73
198.92,198.76
216.78,200.85
219.91,214.63
246.53,247.29
211.53,218.74
212.27,194.41
249.4,257.26
224.31,222.72
223.2,208.93
237.23,225.86
229.23,222.97
235.25,248.04
218.06,216.85
233.13,217.25
193.27,191.94
213.91,208.08
235.03,232.85
217.89,225.43
205.25,199.75
240.09,235.61
242.34,239.01
225.75,230.13
261.96,257.97
249.16,249.84
204.4,205.03
232.58,235
196.4,197.88
225.54,211.78
243.92,223.76
241.57,252.34
219.34,216.66
223.21,238.88
216.92,233.08
206.86,210.38
228.91,228.8
236.27,232.11
230.91,233.62
202.62,209.57
205.62,213.08
195.34,186.6
204.84,200.87
232.99,230.25
207.61,211.64
186.89,178.3
189.75,188.01
220.58,215.11
238.86,242
227.08,225.45
256.27,252.56
244.91,245.13
201.24,202.69
207.56,201.79
218.48,230.12
227.67,232.6
216.01,218.73
204.61,205.39
224.93,216.12
223.56,213.74
194.97,190.68
219.14,208.58
224.95,225.28
215.13,216.17
240.92,241.18
215.92,225.1
189.17,186.93
259.73,259.69
236.11,239.75
264.69,265.28
198.85,212.11
234.11,216.02
254.23,254
222.37,221.17
257.15,242.79
170.37,169.11
232.33,219.55
229.81,215.56
227.85,230.13
265.77,277.15
160.86,153.38
201.22,193.38
224.15,222.57
265.41,282.68
204.13,214.54
250.04,244.83
188.04,187.49
231.36,240.58
187.32,191.3
215.9,218.58
278.46,277.26
243.81,244.14
208.34,207.36
258.45,262.17
196.46,197.65
260.36,262
239.16,227.28
208.03,197.88
212.12,208.15
241.87,243.05
210.11,218.58
245.31,256.93
183.56,181.73
208.19,196.71
217.9,235.86
221.3,221.57
208.79,208.59
249.43,250.27
231.95,226.59
199.69,199.69
205.05,213.79
223.93,212.92
232.39,248.82
224.67,225.85
215.14,204.27
226.05,223.82
219.29,214.3
207.6,195.38
180.91,181.87
186.81,207.85
213.13,211.88
225.97,224.82
207.41,208.85
220.03,226.07
198.26,182.64
229.71,230.6
209.65,205.41
231.35,236.35
203.36,203.72
223.37,217.08
225.25,233.15
238.46,251.37
216.2,204.93
197.4,202.97
260.74,259.83
193.96,177.41
203.25,200.66
229.25,229.4
208.83,202.26
203.65,202.21
242.59,234.64
220.28,209.83
203.6,208.58
200.4,177.38
232.9,221.68
263.14,254.67
188.86,201.53
226.22,225.11
210.62,210.19
239.29,245.1
222.94,238.86
185.51,184.99
217.89,205.84
228.9,234.18
223.14,228.72
263.83,258.22
225.3,215.84
187.98,194.17
218.94,217.65
220,218.01
222.92,219.92
254.2,233.6
199.67,182.95
231.46,227.83
204.59,218.57
193.6,189.78
212.21,197.79
226.1,222.12
199.15,206.83
259.46,255.81
215.17,213.91
207.9,188.51
201.22,200.69
237.57,237.23
188.4,190.31
227.03,229.88
233.78,233.08
204.85,204.8
215.79,214.53
209.92,206.86
227.65,224.9
198.96,203.8
222.38,219.11
194.59,183.27
235.77,230.39
223.27,228.93
214.71,209.69
243.81,243.64
231.54,220.97
246.83,257.52
212.25,194.23
216.12,213.7
234.55,227.7
194.71,213.07
276.31,275.37
190.64,195.91
213.74,213.87
247.71,250.29
232.61,252.16
245.63,243.83
192.84,205.21
255.73,244.53
215.93,219.96
199.02,203.64
185.83,173.95
228.57,222.19
244.35,246.43
222.44,206.98
249.72,245.85
231.28,230.57
239.69,239.7
238.12,247.93
221.33,221.11
220.21,234.49
187.16,188.49
220.22,196.26
225.63,225.59
204.21,193.74
226.63,228.35
220.07,220.56
199.01,202.5
244.49,244.03
205.37,205.35
245.07,253.22
247.74,240.67
215.3,215.2
205.01,207.3
236.14,232.98
207.52,209.56
191.97,215.02
241.13,245.57
227.89,224.87
186.08,177.9
224.92,230.24
223.41,219.37
207.56,209.91
213.94,222.19
238.96,239.33
205.87,209.81
227.99,239.31
233.78,235.56
257.63,259.14
204.09,195.35
213.23,229.32
221.77,226.25
203.5,203.75
241.64,256.81
210.49,200.42
216.45,207.69
232.4,230.35
227.8,235.1
267.34,278.73
234.19,213.84
214.14,214
221.07,220.64
215.06,213.09
218.49,200.25
233.59,224.14
222.99,226.11
240.58,228.21
230.9,228.32
223.58,215.97
180.51,177.04
209.29,209.14
219.84,219.04
229.7,239.47
198.47,199.09
203.2,211.67
227.34,219
203.79,210.41
268.43,271.55
255.24,255.32
229.23,236.65
223.5,222.57
225.15,221.49
210.42,210.46
217.98,216.3
218.32,212.96
269.05,267.21
229.22,227.78
189.76,174.64
252.59,251.69
228.12,234.33
249.21,269.76
199.7,199.63
255.8,257.86
213.87,203.64
196.77,187.45
252.1,245.17
222.11,226.48
223.57,220.33
195.72,193.32
239.53,225.98
229.89,227.23
220.04,215
234.77,232.75
194.95,200.86
179.46,191.58
180.1,189.82
228.79,229.63
185.57,201.42
194.21,188.08
258.64,258.5
220.57,220.83
188.14,183.54
201.74,205.57
247.63,235.07
248.88,261.12
183.38,183.46
207,215
237.11,241.8
195.24,196.83
219.24,216.68
207.69,198.21
238.59,222.47
209.91,216.5
221.72,224.23
238.51,240.58
214.71,197.37
231.5,226.61
251.63,251.64
211.23,212
227.59,228.93
229.56,212.23
230.28,222.73
210.61,210.23
220.61,223.31
201.86,197.74
256.3,264.45
244.39,238.96
190.79,189.89
219.51,206.61
248.34,264.31
211.06,210.31
196.28,202.99
218.1,214.79
220.98,214.63
221.75,222.67
245.39,245.58
250.6,235.83
179.6,180.94
225.54,224.6
227.66,217.9
217.58,216.06
244.66,249.25
253.9,254.21
202.4,195.67
222.49,228.37
200.29,199.31
208.83,207.07
242.16,246.21
206.91,225.08
207.16,209.13
249.16,244.74
210.88,231.63
202.77,213.19
223.74,206.95
199.83,195.79
202.46,200.99
240.23,240.38
238.63,240.23
201.8,194.46
236.97,242.22
263.2,268.99
210.54,210.19
247.28,252.89
206.69,193.2
212.97,216.32
200.5,204.29
226.34,214.82
221.59,202.63
244.68,252.52
241.72,247.79
209.56,228.13
233.72,233.23
219.7,209.64
231.48,229.97
220.91,223.15
212.15,212.89
231.62,231.06
210.47,204.52
240.24,238.35
226.75,223.62
233.74,245.14
192.05,202.35
198.62,186.62
209.95,228.17
239.59,242.36
198.1,215.07
203.23,194.11
209.76,209.43
223.74,230.65
201.3,214.63
219.89,219.16
213.62,212.68
225.12,229.79
205.45,217.81
216.81,207.13
232.7,225.65
230.54,210.97
219.96,214.66
228.27,236.69
205.84,225.66
200.97,200.33
241.97,232.1
238.83,238.94
258.32,258.26
226.84,239.79
209.58,207.88
251.86,263.58
228.85,233.7
194.79,187.26
190.41,197.67
234.23,234.06
218.14,204.68
201.43,211.51
213.57,206.76
244.3,252.46
212.39,193.21
198.57,199.33
234.77,234.21
208.15,206.6
167.75,157.04
220.1,214.71
244.97,225.18
204.46,201.04
197.61,186.61
255.69,248.99
254.6,241.97
186.05,192.09
186.36,188.5
250.6,254.46
234.06,248.81
204.16,220.08
221.99,221.26
253.09,250.94
220.99,206.61
238.9,239.43
208.34,206
234.23,217.99
204.86,204.5
240.82,249.95
225.03,222.76
243.78,243.75
222.08,222.74
253.64,269.26
263.4,265.94
212.28,206.34
226.62,230.64
206.77,207.21
183.78,191.04
208.48,199.94
209.74,210.58
222.07,211.46
180.25,175.4
193.09,190.43
264.46,269.04
208.2,210.57
258.33,268.57
178.27,197.17
211.2,203.22
232.75,239.03
242.02,241.08
234.95,234.27
248.09,240.43
225.44,217.01
215.35,215.74
202.1,200.61
217.11,232.66
239.01,228.49
201.65,197.9
200.66,187.51
221.27,209.54
222.42,222.53
266.91,268.06
225.01,233.19
202.7,208.18
203.83,223.02
253.13,245.57
206.41,190.51
218.32,226.76
233.36,234.43
227.52,229.18
217.15,203.16
181.09,181.15
195.88,197.59
247.87,248.54
243.95,237.52
222.3,211.42
214.53,209.38
192.27,197.33
243.22,267.02
229.6,243.79
212.21,205.63
256.63,250.31
211.01,208.44
222.5,222.74
221.8,202.08
232.59,231.23
201.8,178.94
218.28,236.84
228.7,233.02
206.66,214.32
229.55,218.23
215.98,224.14
203.11,222.53
233.87,234.3
235.16,236.57
218.42,218.42
218.91,216.74
215.97,228.85
249.41,245.98
217.81,205.77
253.97,252.6
210.17,208.46
232.41,230.84
218.11,226.88
222.33,217.46
205.34,205.5
215.46,221.87
220.66,225.54
201.44,196.13
208.52,215.76
213.05,213.42
204.22,215.77
261.36,255.97
211.13,229.29
219.86,207.9
206.3,214.2
254.68,259.48
200.43,189.92
184.6,174.55
202.19,199.51
248.09,253.57
242.44,252.49
187.4,188.67
215.31,227
200.78,191.15
213.61,210.78
219.37,230.74
204.77,204.69
212.16,202.29
250.28,257.68
233.28,232.49
196.92,193.87
226.69,226.97
203.18,203.71
230.39,231.35
231.33,227.33
207.88,210.74
206.23,209.02
207.29,199.3
218.52,209.9
212.32,205.63
209.8,197.72
206.02,194.18
195.79,184.55
202.68,204.79
247.4,247.18
241.31,236.3
188.73,188.78
189.08,188.57
204.05,210.55
222.35,239.68
221.8,211.88
271.16,270.06
269.33,254.71
221.18,229.64
246.1,255.71
201.44,199.45
212.09,212.82
232.27,229.12
246.06,241.01
229.49,226.58
239.88,239.02
221.97,226.7
207.47,208.15
227.8,225.97
238.23,239.43
253.79,254.18
286.97,271.1
250.5,253.56
222.67,207.39
219.17,224.9
227.38,228.23
242.15,229.78
257.76,268.94
234.06,236.98
196.23,191.82
211.21,220.07
208.35,202.21
244.43,246
198.92,204.2
206.77,205.04
234.43,231.62
222.73,234.49
230.61,226.06
216.65,206.39
222.69,222.73
202.69,217.78
238.06,231.53
213.3,218.2
236.32,234.95
207.97,209.1
227.99,228.04
211.05,205.9
224.22,214.61
258.89,257.24
231.72,232.94
223.18,220.18
236.12,236.02
244.02,226.9
224.97,238.14
178.05,168.6
258.58,264.59
216.32,215.06
207.18,223.89
175.85,163.42
201.46,201.39
238.58,223.26
207.58,208
224.18,225.12
206.83,205.56
188.62,183.84
249.79,242.6
229.55,208.31
198.02,188.26
228.43,224.29
229.24,243.62
237.26,240.74
215.35,214.88
266.05,260.97
224.99,224.72
227.37,227.63
216.93,228.33
226.71,225.86
247.14,244.08
244.34,244.25
216.1,216.46
216.01,218.08
252.37,243.04
219.07,218.28
244.84,240.87
220.46,220.62
212.17,209.15
239.88,228.7
281.34,277.6
225.18,228.21
228.78,227.93
218.03,227.58
233.74,233.3
213.96,205.3
196.09,181.05
242.12,238.19
240.33,235.47
191.71,192.22
203.4,203.01
210.22,219.91
215.03,213.68
203.34,216.44
216.19,218.94
226.26,212.88
239.45,223.9
223.43,218.83
248.65,244.11
214.98,219.97
218.91,234.45
216.49,204.87
226.74,205.46
245.79,238.75
227.62,231.88
200.76,200.06
199.81,216.98
256.04,240.85
209.11,209.23
255.67,252.68
218.54,218.78
238.09,251.66
212.77,216.69
184.11,188.14
210.58,215.24
196.16,202.93
222.02,221.84
230.49,230.05
237.93,239.51
237.62,222.86
205.69,207.64
190.35,188.46
224.25,222.07
227.93,223.85
209.81,223.59
212.05,201.11
214.87,232.19
204.47,194.1
220.39,220.38
216.53,222.68
217.55,230.1
207.39,207.21
220.23,221.88
225.9,223.64
236.67,234.28
227.36,211.02
226.93,223.79
227.08,237.85
176.35,184.13
222.75,205.22
262.84,257.95
227.66,227.1
231.32,232.59
258.31,254.29
231,252.66
208.93,199.53
194.49,187.45
228.58,238.48
233.04,233.74
266.74,246.43
223.05,231.44
255.24,250.82
233.96,225.65
236.96,261.04
206.19,211.03
206.6,208.51
255.61,253.49
160.2,158.58
266.28,274.6
193.6,191.34
232.16,232.01
214.61,212.88
256.29,265.39
207.63,203.38
202.91,209.47
189.86,190.24
180.87,165.95
193.41,200.8
213.75,201.66
208.67,223.16
204.04,184.45
221.15,218.38
209.17,219.31
212.41,215.03
241.48,230.77
251.24,243.74
232.33,252.06
249.25,249.09
228.93,223.07
275.2,277.92
270.79,269.01
254.26,252.05
208.25,210.63
220.24,229.73
214.33,222.94
244.82,231.06
213.46,212.9
203.64,215.83
220.95,215.97
189.04,203.89
206.53,205.36
248.42,244.25
226.97,216.7
208.51,220.1
185.63,171.74
242.97,233.54
254.14,254.28
199.83,206.7
214.75,229.68
215.44,206.11
202.48,213.77
194.89,201.33
212.41,215.64
215.34,218.79
196.08,197.56
232.98,232.03
214.06,205.75
202.48,200.6
237.2,236.27
254.38,256.45
236.11,223.88
246.64,254.3
182.68,183.33
240.79,249.36
245.21,236.43
189.44,205.8
159.82,162.54
187.53,186.88
245.27,249.09
248.55,246.53
222.68,233.18
260.94,264.85
259.05,280.02
221.46,204
188.95,176.97
256.54,264.37
202.13,196.44
229.29,225.58
222.45,210.32
218.64,200.19
225.8,221.36
230.87,229.79
236.02,237.27
200.11,200.14
231.5,232.84
219.14,222.63
239.64,253.62
201.36,195.86
214.01,219.21
193.92,185.08
241.35,240.87
204.14,210.11
224.4,219.98
205.79,215.62
196.43,204.14
201.83,195.51
199.94,178.24
258.42,268.09
177.05,191.59
203.94,204.08
204.51,188.19
229.7,225.46
208.39,206.6
241.33,248.31
221.23,211.27
250.48,261.5
232.09,239.01
215.2,215.7
226.98,228.95
210.15,209.99
239.46,229.24
192.27,190.28
204.2,209.25
225.44,210.72
245.46,244.15
206.61,204.56
250.85,246.23
251.95,260.83
235.14,243.86
230.2,243.29
251.11,256.85
201.92,200.69
188.91,190.63
220.22,204.69
254.68,250.68
202.29,199.49
259.49,253.14
184.17,178.55
234.47,223.61
231.9,231.9
205.37,188.51
199.59,203.75
189.99,195.36
232.5,243.35
221.66,228.36
252.41,247.08
225.61,221.9
169.36,153.36
228.21,228.46
197.31,196.57
229.84,236.26
205.46,207.24
230.93,226.42
232.27,239.03
226.43,226.83
221.67,223.94
220.51,216.05
269.35,252.49
242.63,234.34
248.71,246.25
220.16,223.55
252.71,244.88
204.41,210.94
228.53,234.17
214.65,214.33
187.93,184.57
158.42,146.66
230.99,231.52
249.61,249.57
228.31,222.46
256.55,255.07
197.53,207.27
186.01,184.78
258.95,266.48
258.1,260.89
224.56,227.99
228.37,218.77
196.04,194.45
190.38,196.74
171.18,179.63
224.26,215.67
207.06,217.34
238.71,256.19
213.74,203.99
169.41,167.49
227.31,221.16
206.37,207.86
213.91,214.86
251.33,226.49
181.25,170.81
235.19,223.69
246.53,244.71
184.1,190.83
231.53,230.73
263.29,263.24
183.12,181.4
233.59,226.16
249.05,249.88
240.78,251.18
228.75,242.24
202.06,210.25
221.85,217.85
220.38,213.63
185.73,187.09
184.33,191.63
209.53,209.43
210.88,211.16
234.29,237.54
208.93,204.62
209.73,209.84
203.92,203.26
178.86,177.52
217.86,232.88
198.73,197.83
228.61,234.62
244.4,246.35
187.82,184.46
169.86,166.9
195.17,195.13
238.7,240.68
198.19,197.78
210.33,210.8
184.95,192.94
205.23,204.84
239.2,247.26
193.23,193.15
203.81,200.19
194.41,173.54
170.29,164.13
256.04,261.52
206.89,207.57
193.89,193.88
221.13,216.57
253.8,256.29
220.49,232.45
240.92,247.54
226.87,233.05
267.96,264.87
228.28,240.33
226.89,208.44
189.55,189.67
229.98,217.69
210.29,192.51
202.41,212.63
234.08,252.69
191.07,197.01
235.79,235.06
230.15,217.97
236.59,237.07
231.56,228.18
244.43,241.13
203.68,204.37
245.18,260.55
213.79,210.89
204.16,200.98
203.29,199.77
217.4,223.89
220.19,224.49
202,211
214.34,212.61
207.56,205.8
212.37,222.36
198.14,184.94
203.33,209.43
245.78,242.8
180.3,176.56
213.57,216.84
239.41,244.64
219.43,220.22
200.06,197.57
216.01,211.29
209.78,208.33
202.89,208.8
187.94,193.16
249.38,251.87
190.61,186.98
235.06,230.84
220.32,223.24
228.13,229.37
248.32,246.1
246.06,236.44
269.75,270.98
225.03,234.61
175.61,189.11
217.57,217.81
217.95,211.34
250.07,249.77
219.02,230.78
226.52,242.24
194.33,197.74
226.43,237.16
187.48,200.95
193.46,208.69
200.64,213.67
214.48,213.34
167.85,160.93
213.43,205.09
227.76,228.95
265.96,267.66
232.32,234.9
253.73,254.23
237.03,239.73
233.96,236.66
204.92,206.81
223.16,238.83
256.12,256.15
217.24,237.18
236.53,238.02
229.62,229.69
204.69,203.42
267.9,261.73
231.86,233.22
218.59,231.9
192.65,195.18
188.97,182.31
220.58,222.62
215.48,210.88
223.16,202.79
203.23,199.73
214.66,211.63
171.14,167.67
241.7,256.6
237.95,237.41
202.67,207.65
224,213.91
237.65,236.13
213.81,212.12
203.83,200.06
244.02,242.55
240.52,242.33
228.4,228.01
231.92,235.32
214.35,222.52
239.33,237.41
241.12,235.19
229.08,218.73
256.8,253.25
230.05,226.33
229.46,214.67
216.92,216.36
185.46,200.2
197.96,188.04
211.74,204.21
177.11,178.1
236.85,235.65
241.5,229.45
242.77,239.64
212.7,196.08
193.47,191.32
229.85,237.74
234.39,221.53
249.1,249.24
227.06,228.24
245.21,246.58
186.92,186.31
224.8,218.9
249.95,268.04
213.74,210.62
237.61,217.91
196.44,192.31
225.74,230.37
237.02,238.36
238.5,239.38
218.77,224.63
264.95,264.36
177.99,162.62
244.2,259.5
216.98,223
188.23,187.25
228.09,230.79
216.52,214.69
225.79,223.36
180.32,178.12
231.03,222.08
195.09,194.81
222.87,227.72
228.67,237.54
210.8,213.22
248.77,248.48
202.94,203.35
211.65,197.93
208.76,208.35
235.96,237.91
208.09,210.17
220.75,221.52
241.56,244.74
238.41,234.4
261.96,268.61
228.08,228.76
209.39,218.47
252.07,252.29
227.86,233.56
234.33,233.37
255.09,263.56
235.99,231.16
242.07,234.92
208.77,208.8
219.93,216.81
237.79,254.27
173.91,173.69
253.29,239.73
254.65,266.66
237.42,234.06
198.98,198.9
228.82,235.81
179.62,169.38
234.86,236.58
199.63,186.47
247.32,238.58
247.77,249.26
226.39,225.68
204.86,199.88
230.68,233.83
205.6,210.65
181.52,182.02
209.4,209.62
202.02,193.75
189.51,184.99
199.48,214.44
226.94,225.6
249.39,256.07
243.54,264.57
232.87,242.46
235.9,242.51
207.53,194.24
230.88,223.15
250.42,251.24
228.82,230.7
215.9,202.52
211.66,203.82
240.97,226.25
257.53,248.2
204.65,205.01
211.24,211.33
169.86,173.14
257.58,256.06
228.35,221.91
201.07,192.49
209.69,216.89
193.08,193.02
213.76,202.5
186.33,192.13
239.7,239.51
254.52,252.6
223.49,220.39
242.72,241.73
194.16,182.32
205.14,210.32
217.1,221.36
196.33,177.95
234.76,228.58
205.1,202.32
166.79,163.49
223.66,209.14
199.61,196.18
222.66,211.15
249.39,266.24
241.04,229.26
248.93,236.96
240.85,241.64
184.36,188.41
218.52,204.77
235.37,238.11
237.84,244.2
215.86,222.52
233.78,238.48
192.73,192.89
245.35,246.83
243.99,250.05
220.73,223.45
240.31,240.14
210.07,203.57
230.86,235.35
236.13,240.26
210.41,204.48
177,173.96
214.66,192.29
225.34,219.83
234.23,230
207,209.73
210.81,196.63
225.21,229.67
212.04,211.84
216.89,200.99
206.53,204.26
269.4,254.28
221.48,222.54
205.3,217.42
232.29,235.43
225,216.24
238.64,236.31
231.79,228.6
203.68,213.39
247.47,251.19
239.29,218.39
218.71,223.41
222.05,214.49
201.03,207.54
224.97,228.95
205.17,215.98
224.66,218.59
199.24,201.68
180.85,186.13
212.58,224.15
230.36,232.13
216.48,216.85
246.02,236.02
223.78,223.06
189.83,179.02
246.51,245.01
213.27,213.84
197.17,193.34
221.24,225.24
228.35,230.05
221.18,216.2
230.31,237.04
253.9,248.34
207.52,210.24
188.34,171.12
202.96,213.34
232.28,225.11
181.29,181.55
202.88,205.54
209.09,204.71
214.01,195.09
202.08,201.08
216.28,220.56
218.92,217.45
255.59,255
218.59,217.28
218.68,213.23
222.92,217.74
245.43,242.76
194.38,195.9
212.36,211.62
222.47,211.41
192.91,188.97
258.64,260.75
195.64,207.03
246.02,258.81
226.97,227.76
233.12,208.95
208.14,208.23
233.7,228.49
201.99,205.58
232.15,230.9
221.86,209.22
239.91,243.67
258.58,261.25
199.49,214.09
228.26,234.26
201.01,200.7
240.57,252.68
184.03,191.69
262.21,249.04
258.69,263.56
275.37,252.94
254.01,269.23
218.45,222.52
203.06,199.18
252.98,246.01
193.93,195.7
239.96,247.62
242.66,234.9
207.77,200.75
188.48,209.72
227.37,225.31
256.43,263.16
195.89,197.17
205.13,220.2
248.82,229.72
237.11,219.87
242.82,239.66
228.65,228.65
200.56,198.5
224.07,222.26
235.47,236.51
180.1,180
190.61,189.24
220.8,218.56
231.13,231.15
199.35,200.62
234.37,229.39
232.93,239.67
221.16,225.87
202.95,184.8
230.96,240.93
205.84,201.73
243.6,247.01
276.31,284.82
203.6,202.64
258.45,261.43
277.02,267.38
224.86,216.52
216.39,219.93
273.92,279.56
193.69,189.19
228.3,232.48
209.81,210.03
236.98,236.29
173.27,183.57
228.39,224.2
246.63,243.68
254.68,248.44
238.85,252.58
211.33,234.05
224.05,226.74
197.68,189.25
211.64,210.96
241,239.92
198.13,207.02
197.07,197.68
238.4,253.63
186.69,186.33
252.16,253.28
234.51,226.05
217.07,205.08
227.6,227.2
175.46,163.76
203.06,204.32
202.03,190.1
258.96,257.86
219.25,220.98
191,195.15
176.19,162.52
208.14,195.9
208.38,197.19
247.85,253.21
209.88,197.98
243.78,223.42
194.56,188.41
253.04,241.5
220.45,220.44
233.87,234.97
194.76,191.59
231.96,227.23
235.46,233.37
200.71,203.78
234.87,230.25
247.78,248.71
224.76,224.19
197.56,183.7
183.22,173.99
212.87,219.16
199.98,209.79
196.96,196.87
204.28,199.57
237.73,236.48
209.6,201.82
197,204.13
249.64,261.81
196.72,186.63
238.29,242.46
245.78,248.26
207.85,208.2
190.95,198.08
232.42,240.86
198.33,205.8
222.11,219.69
238.56,218.39
197.08,188.5
236.28,235.6
209.23,203.12
210.03,203.42
214.89,211.66
207.18,210.18
238.43,231.29
219.31,210.6
177.24,181.62
246.84,253.05
225.67,216.2
256.75,250.87
224.47,227.01
212.94,214.33
247.2,239.76
227.07,233.74
227.16,232.75
260.53,256.72
238.84,241.49
233.35,238.64
198.31,197.87
232.29,231.8
265.24,255.96
218.06,216.27
240.49,239.03
239.41,240.87
218.07,206.85
187.81,190.3
271.81,268.95
259.21,257.19
238.18,229.71
234.94,253.47
264.89,278.36
226.35,211.26
190.86,194.89
232.72,238.73
212.73,208.1
220.18,220.92
267.6,267.9
189.98,171.62
192.16,193.03
201.36,199.74
228.75,232.63
202.94,219.11
223.77,229.19
196.12,183.72
236.11,250.85
232.37,223.87
235.58,230.94
206.57,198.11
251.33,239.28
225.65,222.95
199.49,203.82
235.17,240.86
214.03,213.36
241.91,223.73
229.18,216.63
226.36,231.38
224.01,228.84
201.82,212.34
210.33,208.2
254.17,252.7
179.82,178.17
186.27,185.14
223.46,200.87
232.23,239.66
209.4,222.33
228.41,218.77
189.6,191.39
200.35,209.18
234.97,242.46
258.26,261.44
239.09,225.12
212.06,207.74
224,224.8
229.66,238.89
206.54,206.01
265,274.18
223.06,223.2
189.09,199.7
230.18,233.7
246.27,243.63
235.57,252.33
217.05,217.08
198.67,213.48
208.41,204.96
213.12,202.91
237.03,241.7
184.65,180.24
235.02,249.78
236.37,239.99
237.38,234.65
167.04,176.9
236.87,241.61
191.93,192.59
252.92,250.37
207.06,195.43
199.67,189.08
204.07,221.08
200.69,197.03
207.15,205
256.73,258.18
212.85,213.27
184.63,185.05
210.47,195.07
197.77,210.65
252.47,252.05
254.25,243.02
233.37,233.96
224.46,220.12
176.73,180.57
196.44,197.99
239.47,232.4
191.18,199.83
240.09,246.26
243.2,228.38
192.19,194.91
172.82,163.43
233.28,235.52
216.49,217.64
210,193.69
225.21,221.31
249.03,246.23
250.17,250.01
241.59,232.74
194.49,210.53
187.41,192.2
219.64,222.3
231.47,233.63
190.99,185.05
235.93,223.67
242.32,233.91
194.84,193.24
243.91,251.49
273.45,266.35
225.88,226.32
218.05,210.58
207.7,201.25
242.96,228.64
233.43,226.29
209.39,213.61
178.29,191.32
234.34,234.63
263.71,263.64
234.75,235.18
202.83,193.75
166.32,165.87
224.94,223.42
224.53,224.76
227.23,223.58
219.28,215.2
226.71,225.64
267.29,270.34
245.22,248.79
210.35,202.09
223.53,215.61
240.76,241.56
246.57,267.31
233.29,233.99
222.31,231.64
247.98,260.28
254.88,234.98
218.05,214.81
245.22,238.58
267.54,268.38
208.29,204.62
220.75,225.35
213.3,224.79
237.88,235.13
192.92,195.72
229.38,233.9
223.42,240.54
228.46,230.36
246.65,258.86
172.74,174.77
234.36,235.37
194.97,210.13
209.11,224.09
208.4,208.29
212.07,201.92
213.66,215.58
245.97,255.32
234.08,228.53
184.07,183.62
237.6,231.16
240.59,247.2
202.98,203.26
237.99,249.32
247.76,234.6
227.48,237.91
199.13,212.74
205.47,212.34
232.34,244.57
205.72,199.78
217.93,231.65
256.86,258.54
241.07,233.25
212.84,213.16
209.09,212.53
182.6,198.16
209.34,203.82
221.58,220.09
192.96,194.03
233.99,234.62
225.98,223.44
199.54,198.06
219.06,215.24
188.78,168.77
226.29,228.13
193.84,202.44
221.54,235.19
233.6,229.38
217.73,208.93
207.8,189.17
207.58,207.86
222.09,233.02
211.02,208.5
233.14,230.98
227.44,227.69
246.79,245.76
226.18,225.05
218.28,227.04
259.39,243.9
228.46,211.97
210.02,210.8
258.8,265.86
253.01,252.29
222.73,208.08
174.03,165.7
216.94,234.29
212.6,212.67
210.89,227.81
191.9,185.9
216.84,217.82
216.06,206.88
236.32,231.55
227.11,226.59
223.46,221.01
218.42,199.32
208.46,224.55
181.9,192.48
173.5,173.37
226.78,234.83
251.51,248.78
171.59,175.03
233.74,251.36
221.22,221.51
176.77,163.08
220.62,198.04
236.21,236.37
187.72,187.02
214.5,208.93
186.36,183
204.93,197.63
167.62,168.85
230.58,230.62
274.15,264.14
190.73,179.53
201.35,187.37
199.43,196.11
227.52,236.1
239.08,240.31
154.22,153.09
243.66,245.03
208.84,220.69
254.96,249.4
232.41,232.45
204.23,197.85
193.72,197.56
198.83,203.33
218.58,212.34
239.28,241.25
272.05,280.04
216.99,207.17
181.51,205.84
240.83,242.23
235.81,240.4
227.26,216.85
214.99,218.64
210.01,206.44
210.67,206.82
201.19,221.54
214.17,213.14
204.86,210.23
217.98,211.27
201.6,191.37
190.5,185.01
200.84,206.43
231.27,225.06
222.01,225.79
210.56,209.75
220.47,207.43
197.83,197.81
219.59,225.35
253.1,241.05
200.68,202.52
204.98,213.35
222.67,215.52
222.32,238.94
210.83,212.12
223.87,232.63
193.19,193.45
197.83,202.76
220.92,213.49
192.21,190.62
207.32,195.45
233.29,216.15
227.29,233.56
186.77,191.76
278.45,273.53
218.51,214.82
232.3,239.98
223.05,235.07
254.7,270.97
205.74,207.64
260.82,252.44
209.35,212.05
201.84,197.43
220.23,231.4
254.08,247.67
190.49,179.55
251.89,248.63
192.1,186.4
218.6,219.53
231.44,242.56
217.41,219.54
199.62,199.45
207.4,218.07
240.26,248.23
279.16,272.48
222.82,222.29
193.62,205.31
212.13,211.34
195.38,189.42
259.98,259.98
184.6,194.63
225.17,208.97
184.87,183.28
264.54,248.66
212.33,227.9
242.15,246.89
242.55,246.51
238.25,232.3
208.92,214.03
245.73,229.1
187.87,202.53
233.85,241.79
231.89,231.44
215.82,212.08
174.58,169.94
222.71,228.33
184.19,184.59
225.39,222.05
251.14,266.78
203,223.33
212.3,212.71
264.18,280.74
217.54,229.81
221.86,201.71
243.26,248.26
235.96,226.63
210.81,208.48
251.54,240.96
233.04,229.16
229.59,228.14
202.98,191.22
233.56,235.84
220.04,217.71
216.55,217.31
179.21,173.94
203.54,203.34
219.08,219.69
233.83,241.29
241.5,245.94
218.8,225.59
217.85,202.72
211.52,217.06
233.1,239.59
219.17,215.95
240.83,234.54
226.44,239.92
199.84,205.35
234.03,243.88
204.32,204.26
230.56,232.95
226.5,227.25
198.19,176.29
229.68,221.44
206.54,210.67
237.81,242.49
272.53,278.52
248.33,241.89
226.44,227.08
192.79,185.7
216.93,212.75
236.25,231.7
219.7,208.86
190.52,188.95
233.79,216.98
233.98,234.97
224.27,209.17
227.87,233.94
211.63,218.65
273.28,293.15
232.9,252.67
251.49,246.54
220.69,226.1
219.12,234.86
218.11,219.11
217.66,226.35
225.43,215.19
202.72,202.23
205.17,194.13
237.71,232.05
192.39,193.89
252.08,247.91
259.37,251.67
206.68,222.05
245.09,249.78
208.1,209.05
218.22,217.33
186.18,186.18
223.53,225.22
237.93,235.39
223.03,207.84
230.84,245.53
183.69,182.42
225.93,235.55
206.55,200.73
190.14,190.49
195.22,177.72
249.81,249.6
198.03,204.46
221.7,208.48
215.46,220.77
250.62,241.05
234.69,234.97
218.22,220.18
216.49,222.31
250.36,243.74
213.06,213.81
242.34,248.96
217.27,230.54
217.98,209.08
257.9,254.35
207.03,204.37
182.16,176.54
275.16,273.06
222.52,219.82
208.19,206.33
221.64,217.88
186.63,198.12
220.88,207.17
192.27,191.76
260.69,262.13
214.31,198.83
211.88,214.39
181.62,181.42
241.08,233.26
203.64,210.6
217.39,214.13
198.07,205.84
225.04,213.33
195.84,198.4
201.06,199.3
253.3,261.39
213.15,214.09
209.25,194.5
190.14,184.42
208.82,212.94
222.31,207.94
200.61,214.09
243.69,249.61
217.06,209.53
228.43,240.57
163.63,168.93
209.79,206.92
252.32,252.42
250.06,252.14
185.26,187.23
211.49,210.38
218.3,210.85
226.57,226.81
192.35,205
191.65,200.94
193.46,191.2
208.51,212
257.41,275.44
212.35,213.29
223.6,234.83
244.48,232.08
186.8,182.06
249.25,244.53
234.99,234.6
216.58,236.85
211.39,217.66
275.53,256
223.13,235.03
179.17,167.25
220.47,228.65
234.59,213.7
233.37,225.55
215.39,222.78
249.55,258.1
221.13,222.4
184.07,184.42
209.44,216.58
189.86,202.97
218.11,220.98
196.41,199.08
203.34,202.71
186.04,195.61
224.62,226.75
205.54,216.41
226.86,226.49
202.13,200.58
248.28,243.39
242.61,242.27
239.01,230.45
237.17,230.64
228.61,228.62
202.85,202.19
222.31,230.91
239.57,237.96
182.67,181.77
257.68,268.3
205.14,203.99
198.79,202.86
242.86,233.31
246.28,247.76
213.05,206.88
249.21,251.31
211.63,206.9
239.48,237.28
225.61,234.76
248.93,248.55
220.82,235.31
208.91,210.07
198.99,191.83
220.33,226.4
258.59,262.38
239.86,225.87
191.79,187.23
206.84,209.6
223.56,231.35
243.95,241.88
224.23,233.47
210.38,204.3
222.28,225.05
209.03,204.13
222.48,208.96
223.14,207.13
246.83,239.54
180.42,181.83
257.45,268.07
213.03,210.97
236.59,240.23
245.46,247.12
229.51,230.76
222.46,213.31
171.62,166.55
229.52,249.73
202.46,203.49
196.61,203.1
186.3,190.4
201.71,216.86
202.22,210.94
216.22,224.28
227.47,220.63
185.52,189.45
216.16,213.44
231.81,242.05
202.67,192.67
200.26,214.29
183.08,185.51
228.39,229.45
220.62,220.46
207.37,219.11
239.78,239.18
214.65,218.37
244.76,246.42
259.7,259.66
217.93,222.11
224.05,228.98
280.68,286.67
203.82,198.91
193.65,191.77
228.17,230.65
246.43,232.55
234.78,234.47
253.36,243.26
238.23,238.43
195.06,187.08
243.89,251.4
244.92,244.93
202.99,193.69
241.49,235.72
226.63,228.96
253.12,255.46
226.77,226.12
231.15,221.97
207.62,188.34
222.33,224.54
194.64,200.15
179.55,181.48
219.19,219.33
196.02,197.05
220.76,236.28
242.48,255.68
220.78,215.46
215.23,204.7
266.12,275.03
226.37,229.47
289.57,293.38
242.56,262.41
196.37,196.55
179.3,160.07
216.14,214.94
245.48,241.6
277.42,271.94
208.01,205.97
221.81,220.53
206.41,214.62
164.56,167.88
214.58,197.7
228.69,224.99
183.98,178.1
224.65,241.67
212.85,215.5
223.92,225.88
191.38,192
254.9,250.59
222.53,201.61
201.57,213.21
196.7,198.7
235.95,238.68
227.56,227.67
229.22,231.76
225.36,225.25
208.14,217.85
239.12,240.44
162.4,167.38
211.27,215.96
205.66,206.17
218.73,219.58
204.65,205.34
206.67,213.25
215.62,224.53
255.81,262.39
199.01,207.09
214.6,201.78
247.46,243.12
220.21,215.83
208.85,199.27
230.06,232.42
247.58,253.57
202.31,204.19
219.63,218.91
223.39,220.92
244.21,251.25
220.55,237.78
208.18,214.71
246.97,248.67
241.27,248.2
216.92,219.16
249.3,251.72
231.47,239.15
230.41,236.1
242.96,243.06
214.66,214.34
190.2,193.38
230.52,231.72
236.12,234.6
209.77,209.77
226.18,229.09
200.59,205.1
188.13,193.86
206.73,206.24
219.32,206.75
195.61,190.68
211.96,195.94
238.48,235.14
166.23,162.83
198.34,215.51
206.64,213.72
241.73,231.77
198.21,181.84
196.63,196.51
243.56,247.34
235.21,252.3
208.29,206.58
194.94,193.72
185.14,183.73
207.52,205.4
229.28,224.44
260.29,257.28
206.46,211.65
219.14,207.95
200.75,190.72
209.43,206.93
212.11,207.48
204.52,204.98
191.74,193.48
234.65,226.32
220.42,231.42
235.24,223.37
215.65,222.1
227.63,229.18
233.24,240.04
231.36,235.3
230.09,242.3
214.03,220.6
265.5,272.45
250.51,250.08
264.92,273.45
208.95,211.57
